<application>
  <component name="BlazeWizardUserSettings">
    <settings>
      <entry key="blaze-wizard.last-imported-bazel-workspace" value="$USER_HOME$/base/code/work/bigdatabase/ucs::/Users/darwin/base/code/work/abseil-hello/bazel-hello::/Users/darwin/base/code/work/tensorflow::/Users/darwin/base/code/github/cases/bazel/project1::/Users/darwin/base/code/github/cases/bazel" />
      <entry key="generate-from-build-file.last-workspace-path" value="BUILD" />
      <entry key="select-project-view.selected-option" value="generate-from-build-file" />
      <entry key="select-workspace.selected-option" value="use-existing-bazel-workspace" />
    </settings>
  </component>
</application>