<application>
  <component name="StudioOdpsProjects">
    <StudioOdpsProject>
      <option name="packageNames">
        <list>
          <option value="alifin_jtest_dev_for_alifin_dw" />
          <option value="alifin_jtest_dev_for_alifin_dw_dev" />
          <option value="alifin_jtest_dev_for_alifin_jtest" />
          <option value="alifin_jtest_dev_for_alifin_jtest_dev" />
          <option value="alifin_jtest_dev_for_alipaytech" />
          <option value="alifin_jtest_dev_for_alipaytech_dev" />
          <option value="alifin_jtest_dev_for_dbmb" />
          <option value="alifin_jtest_for_test" />
          <option value="dsmp_odps_alifin_jtest_dev2001_dev_0" />
          <option value="dsmp_odps_alifin_jtest_dev2aaaaa_0" />
          <option value="dsmp_odps_alifin_jtest_dev2aaaaa_dev_0" />
          <option value="dsmp_odps_alifin_jtest_dev2abacus_dev_0" />
          <option value="dsmp_odps_alifin_jtest_dev2admin_guyang_dev_0" />
          <option value="dsmp_odps_alifin_jtest_dev2ali_ant_0" />
          <option value="dsmp_odps_alifin_jtest_dev2ali_ant_dev_0" />
          <option value="dsmp_odps_alifin_jtest_dev2alifin_agds_dev_0" />
          <option value="dsmp_odps_alifin_jtest_dev2alifin_bikey_0" />
          <option value="dsmp_odps_alifin_jtest_dev2alifin_bikey_dev_0" />
          <option value="dsmp_odps_alifin_jtest_dev2alifin_dw_dev_0" />
          <option value="dsmp_odps_alifin_jtest_dev2alifin_jtest2_0" />
          <option value="dsmp_odps_alifin_jtest_dev2alifin_jtest2_dev_0" />
          <option value="dsmp_odps_alifin_jtest_dev2alifin_jtest_0" />
          <option value="dsmp_odps_alifin_jtest_dev2alifin_jtest_1" />
          <option value="dsmp_odps_alifin_jtest_dev2alifin_jtest_dev_0" />
          <option value="dsmp_odps_alifin_jtest_dev2alifinjtest_dev_0" />
          <option value="dsmp_odps_alifin_jtest_dev2alipayda_us_dev_0" />
          <option value="dsmp_odps_alifin_jtest_dev2alipaydw_ctu_0" />
          <option value="dsmp_odps_alifin_jtest_dev2alipaydw_ctu_dev_0" />
          <option value="dsmp_odps_alifin_jtest_dev2alipaytech_0" />
          <option value="dsmp_odps_alifin_jtest_dev2alipaytech_dev_0" />
          <option value="dsmp_odps_alifin_jtest_dev2alipaytech_dev_1" />
          <option value="dsmp_odps_alifin_jtest_dev2alipaytest_dev_0" />
          <option value="dsmp_odps_alifin_jtest_dev2ant_findata_dev_0" />
          <option value="dsmp_odps_alifin_jtest_dev2ant_rgl_0" />
          <option value="dsmp_odps_alifin_jtest_dev2ant_rgl_dev_0" />
          <option value="dsmp_odps_alifin_jtest_dev2antefi_dev_0" />
          <option value="dsmp_odps_alifin_jtest_dev2antins_dev_0" />
          <option value="dsmp_odps_alifin_jtest_dev2antov_mix_0" />
          <option value="dsmp_odps_alifin_jtest_dev2antpdm_dev_0" />
          <option value="dsmp_odps_alifin_jtest_dev2antplus_bi_dev_0" />
          <option value="dsmp_odps_alifin_jtest_dev2antplus_dev_0" />
          <option value="dsmp_odps_alifin_jtest_dev2antscangf5g63rshawtc4typftw4lldojswc5dfkbzg62tfmn2e4ylnmuwwioltg5whsylvantend_dev_0" />
          <option value="dsmp_odps_alifin_jtest_dev2antstudy_dev_0" />
          <option value="dsmp_odps_alifin_jtest_dev2apvdm_dev_0" />
          <option value="dsmp_odps_alifin_jtest_dev2eleme_mktalgo_dev_0" />
          <option value="dsmp_odps_alifin_jtest_dev2fangzi_dev_0" />
          <option value="dsmp_odps_alifin_jtest_dev2mybak_0" />
          <option value="dsmp_odps_alifin_jtest_dev2mycdm_dev_0" />
          <option value="dsmp_odps_alifin_jtest_dev2sscredit_dw_dev_0" />
          <option value="p1" />
          <option value="package_dsmp_demote" />
          <option value="sp_decrypt" />
          <option value="sp_encrypt" />
          <option value="afscdm.dsmp_odps_afscdm2alifin_jtest_dev_0" />
          <option value="ali_ant.dsmp_odps_ali_ant2alifin_jtest_dev_0" />
          <option value="alifin_assetm.dsmp_odps_alifin_assetm2alifin_jtest_dev_0" />
          <option value="alifin_assetm_dev.dsmp_odps_alifin_assetm_dev2alifin_jtest_dev_0" />
          <option value="alifin_bikey_dev.dsmp_odps_alifin_bikey_dev2alifin_jtest_dev_0" />
          <option value="alifin_dw.alifin_dw_for_alifin_jtest_dev" />
          <option value="alifin_dw.dsmp_odps_alifin_dw2alifin_jtest_dev_0" />
          <option value="alifin_jtest.dsmp" />
          <option value="alifin_jtest.dsmp_odps_alifin_jtest2alifin_jtest_dev_0" />
          <option value="alifin_jtest.sp_encrypt" />
          <option value="alifin_jtest.sp_encrypt_secret" />
          <option value="alifin_odps_birisk.dsmp_odps_alifin_odps_birisk2alifin_jtest_dev_0" />
          <option value="aligroup_merge.dsmp_odps_aligroup_merge2alifin_jtest_dev_0" />
          <option value="alipay_ctuop.dsmp_odps_alipay_ctuop2alifin_jtest_dev_0" />
          <option value="alipaybi_dev.alipaybi_dev_for_alifin_jtest_dev" />
          <option value="alipaybipub_dev.alipaybipub_dev_for_alifin_jtest_dev" />
          <option value="alipaydw.alipaydw_for_alifin_jtest_dev" />
          <option value="alipaydw.alipaydw_functions" />
          <option value="alipaydw.dsmp_odps_alipaydw2alifin_jtest_dev_0" />
          <option value="alipaydw_ctu.dsmp_odps_alipaydw_ctu2alifin_jtest_dev_0" />
          <option value="alipaydw_dev.alipaydw_dev_for_alifin_jtest_dev" />
          <option value="alipaydw_dev.dsmp_odps_alipaydw_dev2alifin_jtest_dev_0" />
          <option value="alipaysom.dsmp_odps_alipaysom2alifin_jtest_dev_0" />
          <option value="alipaytech.dsmp_odps_alipaytech2alifin_jtest_dev_0" />
          <option value="alipaytech.dsmp_odps_alipaytech2alifin_jtest_dev_1" />
          <option value="alipaytech_dev.dsmp_odps_alipaytech_dev2alifin_jtest_dev_0" />
          <option value="alipaytest.dsmp_odps_alipaytest2alifin_jtest_dev_0" />
          <option value="ant_custfund.dsmp_odps_ant_custfund2alifin_jtest_dev_0" />
          <option value="ant_darwin.dsmp_odps_ant_darwin2alifin_jtest_dev_0" />
          <option value="ant_drisk.dsmp_odps_ant_drisk2alifin_jtest_dev_0" />
          <option value="ant_ext.dsmp_odps_ant_ext2alifin_jtest_dev_0" />
          <option value="ant_findata.dsmp_odps_ant_findata2alifin_jtest_dev_0" />
          <option value="ant_fundcheck.dsmp_odps_ant_fundcheck2alifin_jtest_dev_0" />
          <option value="ant_intl.dsmp_odps_ant_intl2alifin_jtest_dev_0" />
          <option value="ant_lhadb_dev.dsmp_odps_ant_lhadb_dev2alifin_jtest_dev_0" />
          <option value="ant_p13n.dsmp_odps_ant_p13n2alifin_jtest_dev_0" />
          <option value="ant_p13n_dev.dsmp_odps_ant_p13n_dev2alifin_jtest_dev_0" />
          <option value="ant_prot_dev.dsmp_odps_ant_prot_dev2alifin_jtest_dev_0" />
          <option value="ant_rgl.ant_rgl_for_alifin_jtest_dev" />
          <option value="ant_rgl.dsmp_odps_ant_rgl2alifin_jtest_dev_0" />
          <option value="ant_rgl.dsmp_odps_ant_rgl2alifin_jtest_dev_1" />
          <option value="ant_rgl_dev.ant_rgl_dev_for_alifin_jtest_dev" />
          <option value="ant_zmc.dsmp_odps_ant_zmc2alifin_jtest_dev_0" />
          <option value="antadm.dsmp_odps_antadm2alifin_jtest_dev_0" />
          <option value="antcdm.dsmp_odps_antcdm2alifin_jtest_dev_0" />
          <option value="antctu.dsmp_odps_antctu2alifin_jtest_dev_0" />
          <option value="antddm.dsmp_odps_antddm2alifin_jtest_dev_0" />
          <option value="antddm.dsmp_odps_antddm2alifin_jtest_dev_1" />
          <option value="antddm_algo.dsmp_odps_antddm_algo2alifin_jtest_dev_0" />
          <option value="antefi.dsmp_odps_antefi2alifin_jtest_dev_0" />
          <option value="antefi_dev.dsmp_odps_antefi_dev2alifin_jtest_dev_0" />
          <option value="antfsec.dsmp_odps_antfsec2alifin_jtest_dev_0" />
          <option value="antins_dev.dsmp_odps_antins_dev2alifin_jtest_dev_0" />
          <option value="antmd.sp_encrypt" />
          <option value="antods.dsmp_odps_antods2alifin_jtest_dev_0" />
          <option value="antods.dsmp_odps_antods2alifin_jtest_dev_1" />
          <option value="antods.dsmp_odps_antods2alifin_jtest_dev_2" />
          <option value="antods_dev.dsmp_odps_antods_dev2alifin_jtest_dev_0" />
          <option value="antov_mix.dsmp_odps_antov_mix2alifin_jtest_dev_0" />
          <option value="antpdm.dsmp_odps_antpdm2alifin_jtest_dev_0" />
          <option value="antpdm_dev.antpdm_dev_for_alifin_jtest_dev" />
          <option value="antpdm_dev.dsmp_odps_antpdm_dev2alifin_jtest_dev_0" />
          <option value="antplus.dsmp_odps_antplus2alifin_jtest_dev_0" />
          <option value="antstudy.dsmp_odps_antstudy2alifin_jtest_dev_0" />
          <option value="antstudy_dev.dsmp_odps_antstudy_dev2alifin_jtest_dev_0" />
          <option value="apcdm.dsmp_odps_apcdm2alifin_jtest_dev_0" />
          <option value="apods.dsmp_odps_apods2alifin_jtest_dev_0" />
          <option value="aseccdm.dsmp_odps_aseccdm2alifin_jtest_dev_0" />
          <option value="asecods.dsmp_odps_asecods2alifin_jtest_dev_0" />
          <option value="asradm.dsmp_odps_asradm2alifin_jtest_dev_0" />
          <option value="cclcdm.dsmp_odps_cclcdm2alifin_jtest_dev_0" />
          <option value="cclods.dsmp_odps_cclods2alifin_jtest_dev_0" />
          <option value="cclrm_dev.dsmp_odps_cclrm_dev2alifin_jtest_dev_0" />
          <option value="cfdw.dsmp_odps_cfdw2alifin_jtest_dev_0" />
          <option value="efiadm_dev.dsmp_odps_efiadm_dev2alifin_jtest_dev_0" />
          <option value="efialgo_dev.dsmp_odps_efialgo_dev2alifin_jtest_dev_0" />
          <option value="eficdm.dsmp_odps_eficdm2alifin_jtest_dev_0" />
          <option value="grmcdm.dsmp_odps_grmcdm2alifin_jtest_dev_0" />
          <option value="information_schema.systables" />
          <option value="myadm_dev.myadm_dev_for_alifin_jtest_dev" />
          <option value="mybk_alm.dsmp_odps_mybk_alm2alifin_jtest_dev_0" />
          <option value="mybk_sup_dev.mybk_sup_dev_for_alifin_jtest_dev" />
          <option value="mycdm.dsmp_odps_mycdm2alifin_jtest_dev_0" />
          <option value="myods.dsmp_odps_myods2alifin_jtest_dev_0" />
          <option value="seralgo.dsmp_odps_seralgo2alifin_jtest_dev_0" />
          <option value="slogods.dsmp_odps_slogods2alifin_jtest_dev_0" />
          <option value="sscredit_dw_dev.dsmp_odps_sscredit_dw_dev2alifin_jtest_dev_0" />
          <option value="sscredit_dw_dev.dsmp_odps_sscredit_dw_dev2alifin_jtest_dev_1" />
          <option value="trisk_adm.dsmp_odps_trisk_adm2alifin_jtest_dev_0" />
        </list>
      </option>
      <option name="synced" value="true" />
      <option name="projectAccess">
        <OdpsProjectAccess>
          <option name="accessId" value="LTAILIAWdq4iCAaW" />
          <option name="accessKey" value="U35GBAqFGLJYf7pGnzzK7wqvPf7WNB" />
          <option name="endPoint" value="http://service-corp.odps.aliyun-inc.com/api" />
          <option name="logviewHost" value="http://logview.alibaba-inc.com" />
          <option name="projectName" value="alifin_jtest_dev" />
          <option name="realEndPoint" value="http://service-corp.odps.aliyun-inc.com/api" />
        </OdpsProjectAccess>
      </option>
    </StudioOdpsProject>
  </component>
</application>