<application>
  <component name="StudioSettings">
    <option name="generalSettings">
      <GeneralSettings>
        <option name="pythonPath" value="/usr/bin/python" />
        <option name="macAddress" value="18-65-90-DF-54-D7" />
      </GeneralSettings>
    </option>
    <option name="accountSettings">
      <AccountSettings>
        <option name="providerAccountMap">
          <map>
            <entry value="{&quot;cookies&quot;:{&quot;c_token&quot;:&quot;283602f0c9053e322891d4b55115197e&quot;,&quot;sg&quot;:&quot;d23&quot;,&quot;lvc&quot;:&quot;sAhk%2BCfWjWgi%2Bw%3D%3D&quot;,&quot;JSESSIONID&quot;:&quot;node0y178e3dxzysuqh8rodaecbl240.node0&quot;,&quot;ck2&quot;:&quot;bd648743708853119b745e89b9c727fd&quot;,&quot;lg&quot;:&quot;true&quot;,&quot;an&quot;:&quot;deep.ld&quot;},&quot;akAccess&quot;:{&quot;accessId&quot;:&quot;LTAILIAWdq4iCAaW&quot;,&quot;accessSecret&quot;:&quot;U35GBAqFGLJYf7pGnzzK7wqvPf7WNB&quot;},&quot;userDetail&quot;:{&quot;bucId&quot;:1404015,&quot;mail&quot;:&quot;deep.ld@antfin.com&quot;,&quot;phone&quot;:&quot;13469997358&quot;,&quot;extInfo&quot;:&quot;{\u0027name\u0027:\u0027刘栋\u0027}&quot;,&quot;lastLoginTime&quot;:&quot;1580976928000&quot;,&quot;baseId&quot;:&quot;202413&quot;,&quot;accountId&quot;:&quot;202413&quot;,&quot;accountType&quot;:&quot;2&quot;,&quot;accountName&quot;:&quot;deep.ld&quot;,&quot;nick&quot;:&quot;无外&quot;,&quot;wangwang&quot;:&quot;&quot;,&quot;disabled&quot;:false,&quot;registed&quot;:true,&quot;havanaId&quot;:&quot;2200732256726&quot;,&quot;yunAccount&quot;:&quot;bsj2ihad5oqw@aliyun.com&quot;,&quot;businessId&quot;:&quot;202413&quot;,&quot;enableKp&quot;:0,&quot;gmtCreate&quot;:&quot;1551931943000&quot;},&quot;profilePhoto&quot;:&quot;/Users/darwin/.odps.studio/user/202413.jpg&quot;,&quot;loginType&quot;:&quot;ALI_WORK&quot;}###STUDIO_USER_ACCOUNT_PROVIDER">
              <key>
                <AccountUnitKey>
                  <option name="name" value="STUDIO_USER_ACCOUNT" />
                  <option name="providerId" value="STUDIO_USER_ACCOUNT_PROVIDER" />
                </AccountUnitKey>
              </key>
            </entry>
            <entry value="LTAILIAWdq4iCAaW###U35GBAqFGLJYf7pGnzzK7wqvPf7WNB###My">
              <key>
                <AccountUnitKey>
                  <option name="name" value="My" />
                  <option name="providerId" value="Aliyun Account By AccessKey" />
                </AccountUnitKey>
              </key>
            </entry>
          </map>
        </option>
        <option name="defaultAccount" value="My" />
      </AccountSettings>
    </option>
    <option name="sdkSettings">
      <SdkSettings>
        <option name="allSdks">
          <list>
            <SdkInfo>
              <option name="sdkType" value="ODPS_CMD" />
              <option name="version" value="0.35.1-public" />
              <option name="installedLocation" value="$APPLICATION_PLUGINS_DIR$/odps-studio-intellij/odpscmd_public" />
              <option name="isDefault" value="true" />
            </SdkInfo>
          </list>
        </option>
      </SdkSettings>
    </option>
    <option name="updaterSettings">
      <UpdaterSettings>
        <option name="lastCheckedTimeInMillis" value="1581666493773" />
        <option name="latestPluginVersion" value="3.2.3" />
      </UpdaterSettings>
    </option>
  </component>
</application>